repo_full_name,snapshot_date,star_velocity_7d,star_velocity_30d,rank_momentum,language_share
NVIDIA/OpenShell,2026-09-30,,,,1.0
NawfalMotii79/PLFM_RADAR,2026-09-29,,,,1.0
VectifyAI/PageIndex,2026-09-30,,,,1.0
averygan/reclip,2026-09-30,,,,1.0
byoungd/up,2026-09-29,,,,1.0
cs341-illinois/coursebook,2026-09-29,,,,1.0
cs341-illinois/coursebook,2026-09-30,,,-4.0,1.0
debpalash/VoiceStudio,2026-09-29,1138.857142857143,1020.3666666666667,,1.0
debpalash/VoiceStudio,2026-09-30,1817.4285714285713,,0.0,1.0
dream-num/univer,2026-09-29,,,,1.0
dream-num/univer,2026-09-30,,,-5.0,1.0
mvschwarz/openrig,2026-09-29,,,,1.0
mvschwarz/openrig,2026-09-30,,,1.0,1.0
oblien/openship,2026-09-30,,,,1.0
paperclipai/paperclip,2026-09-29,1502.5714285714287,,,1.0
paperclipai/paperclip,2026-09-30,1848.7142857142858,488.1,-2.0,1.0
rakyll/hey,2026-09-30,,,,1.0
rohitg00/ai-engineering-from-scratch,2026-09-30,832.8571428571429,,,1.0
t8y2/dbx,2026-09-30,,,,1.0
vectorize-io/hindsight,2026-09-29,2219.5714285714284,,,1.0
vectorize-io/hindsight,2026-09-30,2480.714285714286,688.0,0.0,1.0
willfaust/Madeira,2026-09-30,,,,1.0
